stFips,Year,state_name,state,pop04,Total_CC,FDH,Other_CC
1,2000,Alabama,AL,3.519,1.0,0.0,0.0
1,2001,Alabama,AL,3.471,1.0,0.0,0.0
1,2002,Alabama,AL,3.537,1.0,0.0,0.0
1,2003,Alabama,AL,46.628,1.0,1.0,0.0
1,2004,Alabama,AL,46.477000000000004,1.0,1.0,0.0
1,2005,Alabama,AL,62.344,1.0,2.0,0.0
1,2006,Alabama,AL,19.500999999999998,1.0,1.0,0.0
1,2007,Alabama,AL,19.644,1.0,1.0,0.0
1,2008,Alabama,AL,19.917,1.0,1.0,0.0
2,2005,Alaska,AK,45.537,80.0,314.0,0.0
2,2006,Alaska,AK,45.961999999999996,94.0,413.0,0.0
2,2007,Alaska,AK,46.54,137.0,519.0,0.0
2,2008,Alaska,AK,47.341,153.0,610.0,0.0
2,2009,Alaska,AK,49.688,173.0,690.0,0.0
2,2010,Alaska,AK,50.869,199.0,777.0,0.0
2,2011,Alaska,AK,52.494,211.0,870.0,0.0
2,2012,Alaska,AK,52.226,232.0,942.0,0.0
2,2013,Alaska,AK,52.272,261.0,1036.0,0.0
2,2014,Alaska,AK,52.995,301.0,1168.0,0.0
2,2015,Alaska,AK,52.966,329.0,1248.0,0.0
2,2016,Alaska,AK,52.305,354.0,1338.0,0.0
2,2017,Alaska,AK,52.614999999999995,383.0,1408.0,0.0
2,2018,Alaska,AK,52.474999999999994,411.0,1485.0,0.0
2,2019,Alaska,AK,51.489999999999995,435.0,1556.0,0.0
2,2020,Alaska,AK,50.564,464.0,1600.0,0.0
2,2021,Alaska,AK,49.045,497.0,1651.0,0.0
2,2022,Alaska,AK,47.223,530.0,1700.0,0.0
2,2023,Alaska,AK,47.223,534.0,1705.0,0.0
4,2000,Arizona,AZ,243.291,0.0,1.0,0.0
4,2001,Arizona,AZ,252.449,0.0,1.0,0.0
4,2015,Arizona,AZ,277.137,1.0,0.0,0.0
4,2016,Arizona,AZ,281.759,1.0,1.0,0.0
4,2017,Arizona,AZ,277.362,1.0,1.0,0.0
4,2018,Arizona,AZ,279.161,1.0,1.0,0.0
4,2019,Arizona,AZ,278.509,1.0,0.0,0.0
4,2020,Arizona,AZ,277.315,1.0,0.0,0.0
4,2021,Arizona,AZ,265.641,1.0,0.0,0.0
4,2022,Arizona,AZ,259.471,1.0,0.0,0.0
4,2023,Arizona,AZ,259.471,1.0,0.0,0.0
4,2024,Arizona,AZ,259.471,1.0,0.0,0.0
5,2000,Arkansas,AR,1.752,0.0,1.0,0.0
5,2004,Arkansas,AR,2.842,0.0,1.0,0.0
5,2005,Arkansas,AR,2.846,0.0,3.0,0.0
5,2006,Arkansas,AR,4.268,0.0,2.0,0.0
5,2007,Arkansas,AR,5.948,0.0,3.0,0.0
5,2008,Arkansas,AR,3.721,0.0,2.0,0.0
6,2000,California,CA,737.293,0.0,1.0,0.0
6,2001,California,CA,727.371,0.0,1.0,0.0
6,2002,California,CA,718.285,0.0,1.0,0.0
6,2003,California,CA,713.768,0.0,1.0,0.0
6,2004,California,CA,774.889,1.0,2.0,0.0
6,2005,California,CA,764.7850000000001,1.0,2.0,0.0
6,2006,California,CA,741.864,1.0,1.0,0.0
6,2007,California,CA,729.217,1.0,1.0,0.0
6,2008,California,CA,728.26,1.0,1.0,0.0
6,2009,California,CA,720.5840000000001,1.0,1.0,0.0
6,2010,California,CA,711.5909999999999,1.0,1.0,0.0
6,2011,California,CA,712.632,1.0,1.0,0.0
6,2012,California,CA,706.822,1.0,1.0,0.0
6,2013,California,CA,702.852,1.0,1.0,0.0
6,2014,California,CA,702.775,1.0,1.0,0.0
6,2015,California,CA,855.074,2.0,1.0,0.0
6,2016,California,CA,848.182,2.0,1.0,0.0
6,2017,California,CA,851.5539999999999,2.0,1.0,0.0
6,2018,California,CA,2480.679,13078.0,14122.0,2249.0
6,2019,California,CA,2451.5280000000002,13295.0,14444.0,2260.0
6,2020,California,CA,2409.082,13195.0,14499.0,2297.0
6,2021,California,CA,2350.335,13194.0,14348.0,2290.0
6,2022,California,CA,2258.308,13287.0,14073.0,2261.0
6,2023,California,CA,2258.308,12832.0,13188.0,2128.0
6,2024,California,CA,2258.308,12779.0,13056.0,2114.0
8,2004,Colorado,CO,43.443,16.0,0.0,0.0
8,2005,Colorado,CO,44.044,20.0,0.0,0.0
8,2006,Colorado,CO,43.361,20.0,0.0,0.0
8,2007,Colorado,CO,42.826,19.0,0.0,0.0
8,2008,Colorado,CO,42.796,14.0,0.0,0.0
8,2009,Colorado,CO,59.617,12.0,0.0,0.0
8,2010,Colorado,CO,60.063,11.0,0.0,0.0
8,2011,Colorado,CO,60.687,11.0,0.0,0.0
8,2012,Colorado,CO,60.492,11.0,0.0,0.0
8,2013,Colorado,CO,59.858,11.0,0.0,0.0
8,2014,Colorado,CO,59.765,13.0,0.0,0.0
8,2015,Colorado,CO,59.591,12.0,0.0,0.0
8,2016,Colorado,CO,336.999,1274.0,498.0,4.0
8,2017,Colorado,CO,334.082,1594.0,804.0,6.0
8,2018,Colorado,CO,335.083,1718.0,882.0,6.0
8,2019,Colorado,CO,333.983,1762.0,914.0,7.0
8,2020,Colorado,CO,330.84,1803.0,929.0,7.0
8,2021,Colorado,CO,324.246,1882.0,965.0,7.0
8,2022,Colorado,CO,317.189,1985.0,1086.0,7.0
8,2023,Colorado,CO,317.189,2008.0,1103.0,7.0
8,2024,Colorado,CO,317.189,2006.0,1103.0,7.0
9,2000,Connecticut,CT,223.18099999999998,1210.0,1340.0,0.0
9,2001,Connecticut,CT,220.088,1165.0,1498.0,0.0
9,2002,Connecticut,CT,217.269,1140.0,1774.0,0.0
9,2003,Connecticut,CT,216.866,1092.0,2147.0,0.0
9,2004,Connecticut,CT,214.447,1081.0,2691.0,0.0
9,2005,Connecticut,CT,211.315,1142.0,2905.0,0.0
9,2006,Connecticut,CT,208.812,1195.0,3312.0,0.0
9,2007,Connecticut,CT,207.326,1254.0,3548.0,0.0
9,2008,Connecticut,CT,205.536,1294.0,3980.0,0.0
9,2009,Connecticut,CT,203.201,1346.0,4328.0,0.0
9,2010,Connecticut,CT,201.32500000000002,1372.0,4526.0,0.0
9,2011,Connecticut,CT,198.01,1377.0,4602.0,0.0
9,2012,Connecticut,CT,194.491,1380.0,4513.0,0.0
9,2013,Connecticut,CT,190.965,1367.0,4317.0,0.0
9,2014,Connecticut,CT,188.89000000000001,1309.0,3985.0,0.0
9,2015,Connecticut,CT,186.748,1232.0,3655.0,0.0
9,2016,Connecticut,CT,185.321,1231.0,3590.0,0.0
9,2017,Connecticut,CT,186.18800000000002,1209.0,3512.0,0.0
9,2018,Connecticut,CT,184.983,1145.0,3405.0,0.0
9,2019,Connecticut,CT,183.808,1086.0,3278.0,0.0
9,2020,Connecticut,CT,182.708,1087.0,3266.0,0.0
9,2021,Connecticut,CT,182.12199999999999,1080.0,3247.0,0.0
10,2004,Delaware,DE,33.72,2.0,0.0,0.0
10,2005,Delaware,DE,33.957,2.0,0.0,0.0
10,2006,Delaware,DE,33.925,2.0,0.0,0.0
10,2007,Delaware,DE,34.003,3.0,0.0,0.0
10,2008,Delaware,DE,33.775,2.0,0.0,0.0
10,2009,Delaware,DE,33.554,2.0,0.0,0.0
10,2010,Delaware,DE,33.241,2.0,0.0,0.0
10,2011,Delaware,DE,33.279,2.0,0.0,0.0
10,2012,Delaware,DE,33.33,2.0,0.0,0.0
10,2013,Delaware,DE,33.16,2.0,0.0,0.0
10,2014,Delaware,DE,33.121,2.0,0.0,0.0
10,2015,Delaware,DE,32.91,1.0,0.0,0.0
10,2016,Delaware,DE,32.501,1.0,0.0,0.0
10,2017,Delaware,DE,32.86,1.0,0.0,0.0
10,2018,Delaware,DE,32.547,2.0,0.0,0.0
10,2019,Delaware,DE,54.83,374.0,496.0,18.0
10,2020,Delaware,DE,54.774,394.0,424.0,17.0
10,2021,Delaware,DE,54.234,404.0,411.0,17.0
10,2022,Delaware,DE,53.99,444.0,427.0,17.0
10,2023,Delaware,DE,53.99,464.0,438.0,17.0
10,2024,Delaware,DE,53.99,462.0,430.0,18.0
12,2001,Florida,FL,109.43,0.0,2.0,0.0
12,2003,Florida,FL,58.584,1.0,0.0,0.0
12,2004,Florida,FL,207.486,11.0,1.0,0.0
12,2005,Florida,FL,215.203,11.0,1.0,0.0
12,2006,Florida,FL,222.149,12.0,1.0,0.0
12,2007,Florida,FL,204.841,12.0,0.0,0.0
12,2008,Florida,FL,275.695,16.0,0.0,0.0
12,2009,Florida,FL,272.396,19.0,0.0,0.0
12,2010,Florida,FL,271.442,20.0,0.0,0.0
12,2011,Florida,FL,271.929,21.0,0.0,0.0
12,2012,Florida,FL,272.178,21.0,0.0,0.0
12,2013,Florida,FL,349.921,23.0,0.0,0.0
12,2014,Florida,FL,356.538,25.0,0.0,0.0
12,2015,Florida,FL,340.32,23.0,0.0,0.0
12,2016,Florida,FL,345.43,21.0,0.0,0.0
12,2017,Florida,FL,338.387,21.0,0.0,0.0
12,2018,Florida,FL,338.24,19.0,0.0,0.0
12,2019,Florida,FL,342.262,21.0,0.0,0.0
12,2020,Florida,FL,1132.346,4473.0,1419.0,0.0
12,2021,Florida,FL,1117.887,4888.0,1596.0,0.0
12,2022,Florida,FL,1103.698,5404.0,1741.0,0.0
12,2023,Florida,FL,1103.698,5487.0,1764.0,0.0
12,2024,Florida,FL,301.823,14.0,0.0,0.0
13,2000,Georgia,GA,566.499,201.0,601.0,0.0
13,2001,Georgia,GA,606.115,542.0,1418.0,0.0
13,2002,Georgia,GA,625.206,800.0,2340.0,0.0
13,2003,Georgia,GA,640.611,1027.0,3532.0,0.0
13,2004,Georgia,GA,654.634,1129.0,4054.0,0.0
13,2005,Georgia,GA,667.701,1007.0,4247.0,0.0
13,2006,Georgia,GA,676.22,877.0,4811.0,0.0
13,2007,Georgia,GA,691.301,1004.0,4415.0,0.0
13,2008,Georgia,GA,697.473,1219.0,4524.0,0.0
13,2009,Georgia,GA,689.135,1387.0,4113.0,0.0
13,2010,Georgia,GA,681.596,1619.0,3181.0,0.0
13,2011,Georgia,GA,675.919,1795.0,2816.0,0.0
13,2012,Georgia,GA,667.764,1885.0,2450.0,0.0
13,2013,Georgia,GA,658.859,1951.0,2258.0,0.0
13,2014,Georgia,GA,656.768,1961.0,2067.0,0.0
13,2015,Georgia,GA,656.3580000000001,2009.0,1737.0,0.0
13,2016,Georgia,GA,659.661,2329.0,1411.0,0.0
13,2017,Georgia,GA,656.541,2372.0,1310.0,0.0
13,2018,Georgia,GA,654.006,2430.0,1237.0,0.0
13,2019,Georgia,GA,655.457,2493.0,1160.0,0.0
13,2020,Georgia,GA,650.249,2429.0,1076.0,0.0
13,2021,Georgia,GA,642.0120000000001,2495.0,1038.0,0.0
13,2022,Georgia,GA,634.113,2569.0,999.0,0.0
13,2023,Georgia,GA,634.113,2685.0,974.0,0.0
13,2024,Georgia,GA,634.113,2609.0,914.0,0.0
17,2000,Illinois,IL,657.168,66.0,129.0,0.0
17,2001,Illinois,IL,661.5980000000001,71.0,144.0,0.0
17,2002,Illinois,IL,660.279,72.0,157.0,0.0
17,2003,Illinois,IL,659.0609999999999,76.0,177.0,0.0
17,2004,Illinois,IL,658.323,82.0,193.0,0.0
17,2005,Illinois,IL,654.81,85.0,207.0,0.0
17,2006,Illinois,IL,642.037,90.0,217.0,0.0
17,2007,Illinois,IL,640.572,97.0,240.0,0.0
17,2008,Illinois,IL,636.3050000000001,104.0,267.0,0.0
17,2009,Illinois,IL,629.545,117.0,289.0,0.0
17,2010,Illinois,IL,626.775,123.0,306.0,0.0
17,2011,Illinois,IL,620.839,135.0,357.0,0.0
17,2012,Illinois,IL,612.442,138.0,410.0,0.0
17,2013,Illinois,IL,601.701,144.0,468.0,0.0
17,2014,Illinois,IL,595.223,150.0,526.0,0.0
17,2015,Illinois,IL,588.218,153.0,576.0,0.0
17,2016,Illinois,IL,581.038,163.0,589.0,0.0
17,2017,Illinois,IL,591.607,180.0,592.0,0.0
17,2018,Illinois,IL,592.202,189.0,583.0,0.0
17,2019,Illinois,IL,585.123,192.0,559.0,0.0
17,2020,Illinois,IL,574.345,192.0,552.0,0.0
17,2021,Illinois,IL,562.495,188.0,538.0,0.0
17,2022,Illinois,IL,543.116,184.0,518.0,0.0
17,2023,Illinois,IL,544.766,171.0,474.0,0.0
17,2024,Illinois,IL,299.893,15.0,0.0,0.0
18,2010,Indiana,IN,413.398,203.0,723.0,0.0
18,2011,Indiana,IN,419.309,390.0,1265.0,0.0
18,2012,Indiana,IN,416.573,490.0,1527.0,0.0
18,2013,Indiana,IN,413.089,564.0,1657.0,0.0
18,2014,Indiana,IN,415.423,675.0,1811.0,0.0
18,2015,Indiana,IN,415.531,803.0,1830.0,0.0
18,2016,Indiana,IN,416.552,920.0,1848.0,0.0
18,2017,Indiana,IN,414.159,1066.0,1948.0,0.0
18,2018,Indiana,IN,414.244,1166.0,1901.0,0.0
18,2019,Indiana,IN,415.05199999999996,1285.0,1820.0,0.0
18,2020,Indiana,IN,414.421,1366.0,1789.0,0.0
18,2021,Indiana,IN,411.445,1401.0,1775.0,0.0
18,2022,Indiana,IN,405.493,1437.0,1769.0,0.0
18,2023,Indiana,IN,405.099,1379.0,1652.0,0.0
19,2001,Iowa,IA,1.081,0.0,1.0,0.0
19,2002,Iowa,IA,1.076,0.0,1.0,0.0
19,2003,Iowa,IA,1.091,0.0,1.0,0.0
19,2004,Iowa,IA,1.044,0.0,1.0,0.0
19,2005,Iowa,IA,1.043,0.0,1.0,0.0
20,2000,Kansas,KS,111.30799999999999,40.0,52.0,0.0
20,2001,Kansas,KS,112.07900000000001,43.0,57.0,0.0
20,2002,Kansas,KS,114.556,46.0,61.0,0.0
20,2003,Kansas,KS,118.873,48.0,78.0,0.0
20,2004,Kansas,KS,119.702,50.0,92.0,0.0
20,2005,Kansas,KS,119.979,52.0,103.0,0.0
20,2006,Kansas,KS,122.34700000000001,54.0,120.0,0.0
20,2007,Kansas,KS,124.83800000000001,59.0,139.0,0.0
20,2008,Kansas,KS,127.093,61.0,150.0,0.0
20,2009,Kansas,KS,129.17000000000002,62.0,173.0,0.0
20,2010,Kansas,KS,130.552,66.0,188.0,0.0
20,2011,Kansas,KS,129.91400000000002,70.0,220.0,0.0
20,2012,Kansas,KS,128.167,77.0,263.0,0.0
20,2013,Kansas,KS,127.482,85.0,311.0,0.0
20,2014,Kansas,KS,126.57000000000001,90.0,342.0,0.0
20,2015,Kansas,KS,126.50500000000001,90.0,384.0,0.0
20,2016,Kansas,KS,125.621,90.0,432.0,0.0
20,2017,Kansas,KS,126.97200000000001,89.0,456.0,0.0
20,2018,Kansas,KS,125.096,90.0,457.0,0.0
20,2019,Kansas,KS,123.277,92.0,501.0,0.0
20,2020,Kansas,KS,121.827,97.0,531.0,0.0
20,2021,Kansas,KS,119.274,101.0,539.0,0.0
20,2022,Kansas,KS,116.63099999999999,95.0,580.0,0.0
20,2023,Kansas,KS,116.63099999999999,96.0,565.0,0.0
21,2003,Kentucky,KY,7.687,0.0,1.0,0.0
21,2004,Kentucky,KY,8.113,0.0,1.0,0.0
21,2005,Kentucky,KY,8.39,0.0,1.0,0.0
21,2017,Kentucky,KY,11.019,0.0,1.0,0.0
21,2018,Kentucky,KY,11.129,0.0,1.0,0.0
21,2019,Kentucky,KY,11.09,0.0,1.0,0.0
21,2020,Kentucky,KY,10.963,0.0,1.0,0.0
21,2021,Kentucky,KY,10.929,0.0,1.0,0.0
21,2022,Kentucky,KY,10.758,0.0,1.0,0.0
21,2023,Kentucky,KY,10.758,0.0,1.0,0.0
22,2000,Louisiana,LA,316.35,2012.0,9177.0,152.0
22,2001,Louisiana,LA,316.761,2052.0,7464.0,153.0
22,2002,Louisiana,LA,318.825,2055.0,6704.0,156.0
22,2003,Louisiana,LA,320.356,2085.0,7732.0,166.0
22,2004,Louisiana,LA,322.285,2144.0,8477.0,173.0
22,2005,Louisiana,LA,308.031,2129.0,8367.0,169.0
22,2006,Louisiana,LA,288.282,1968.0,5349.0,163.0
22,2007,Louisiana,LA,299.258,1937.0,5416.0,111.0
22,2008,Louisiana,LA,309.76599999999996,1969.0,3532.0,107.0
22,2009,Louisiana,LA,313.165,2005.0,3386.0,125.0
22,2010,Louisiana,LA,313.95,1985.0,2999.0,131.0
22,2011,Louisiana,LA,313.806,1947.0,2260.0,128.0
22,2012,Louisiana,LA,310.947,1803.0,1683.0,130.0
22,2013,Louisiana,LA,308.256,1707.0,1080.0,101.0
22,2014,Louisiana,LA,309.27,1609.0,936.0,71.0
22,2015,Louisiana,LA,310.919,1504.0,715.0,73.0
22,2016,Louisiana,LA,310.601,1359.0,591.0,62.0
22,2017,Louisiana,LA,310.431,1294.0,379.0,51.0
22,2018,Louisiana,LA,309.339,1231.0,163.0,38.0
22,2019,Louisiana,LA,307.435,1179.0,62.0,34.0
22,2020,Louisiana,LA,304.9,1106.0,181.0,30.0
22,2021,Louisiana,LA,297.359,1056.0,277.0,28.0
22,2022,Louisiana,LA,289.842,1307.0,321.0,11.0
22,2023,Louisiana,LA,289.842,1317.0,271.0,11.0
23,2000,Maine,ME,70.669,582.0,1352.0,0.0
23,2001,Maine,ME,70.419,877.0,1993.0,0.0
23,2002,Maine,ME,70.262,957.0,2042.0,0.0
23,2003,Maine,ME,70.618,975.0,2040.0,0.0
23,2004,Maine,ME,70.803,970.0,2002.0,0.0
23,2005,Maine,ME,71.027,970.0,2019.0,0.0
23,2006,Maine,ME,70.82300000000001,982.0,2004.0,0.0
23,2007,Maine,ME,71.266,972.0,1943.0,0.0
23,2008,Maine,ME,71.207,987.0,1860.0,0.0
23,2009,Maine,ME,70.19,971.0,1748.0,0.0
23,2010,Maine,ME,69.249,978.0,1653.0,0.0
23,2011,Maine,ME,67.67099999999999,953.0,1544.0,0.0
23,2012,Maine,ME,66.57300000000001,913.0,1516.0,0.0
23,2013,Maine,ME,65.762,924.0,1414.0,0.0
23,2014,Maine,ME,65.236,913.0,1372.0,0.0
23,2015,Maine,ME,64.7,927.0,1317.0,0.0
23,2016,Maine,ME,65.068,914.0,1270.0,0.0
23,2017,Maine,ME,64.394,900.0,1194.0,0.0
23,2018,Maine,ME,64.437,928.0,1157.0,0.0
23,2019,Maine,ME,64.035,954.0,1091.0,0.0
23,2020,Maine,ME,63.988,946.0,1046.0,0.0
23,2021,Maine,ME,63.932,948.0,966.0,0.0
23,2022,Maine,ME,63.182,946.0,900.0,0.0
23,2023,Maine,ME,63.182,933.0,800.0,0.0
24,2000,Maryland,MD,353.09,1962.0,5712.0,0.0
24,2001,Maryland,MD,354.828,2158.0,6589.0,0.0
24,2002,Maryland,MD,357.738,2360.0,7753.0,0.0
24,2003,Maryland,MD,362.12,2553.0,9237.0,0.0
24,2004,Maryland,MD,365.729,2727.0,10737.0,0.0
24,2005,Maryland,MD,366.913,2852.0,10973.0,0.0
24,2006,Maryland,MD,365.572,2856.0,10680.0,0.0
24,2007,Maryland,MD,365.909,2932.0,10517.0,0.0
24,2008,Maryland,MD,366.115,2951.0,10342.0,0.0
24,2009,Maryland,MD,365.154,2977.0,10014.0,0.0
24,2010,Maryland,MD,365.322,2963.0,9580.0,0.0
24,2011,Maryland,MD,367.854,2968.0,9036.0,0.0
24,2012,Maryland,MD,367.371,2958.0,8681.0,0.0
24,2013,Maryland,MD,366.11199999999997,2914.0,8302.0,0.0
24,2014,Maryland,MD,369.153,2902.0,8025.0,0.0
24,2015,Maryland,MD,369.0,2930.0,7662.0,0.0
24,2016,Maryland,MD,367.09499999999997,2910.0,7186.0,0.0
24,2017,Maryland,MD,366.75,2872.0,6710.0,0.0
24,2018,Maryland,MD,366.174,2890.0,6314.0,0.0
24,2019,Maryland,MD,364.868,2865.0,5958.0,0.0
24,2020,Maryland,MD,363.618,2831.0,5523.0,0.0
24,2021,Maryland,MD,363.466,2833.0,5228.0,0.0
24,2022,Maryland,MD,358.539,2776.0,4961.0,0.0
24,2023,Maryland,MD,358.539,2663.0,4442.0,0.0
25,2000,Massachusetts,MA,397.079,3403.0,11123.0,0.0
25,2001,Massachusetts,MA,395.425,3404.0,11372.0,0.0
25,2002,Massachusetts,MA,392.593,3439.0,11870.0,0.0
25,2003,Massachusetts,MA,388.71,3468.0,11551.0,0.0
25,2004,Massachusetts,MA,383.87800000000004,3522.0,11206.0,0.0
25,2005,Massachusetts,MA,377.549,3497.0,10907.0,0.0
25,2006,Massachusetts,MA,371.784,3471.0,10561.0,0.0
25,2007,Massachusetts,MA,369.009,3450.0,10251.0,0.0
25,2008,Massachusetts,MA,368.289,3469.0,10056.0,0.0
25,2009,Massachusetts,MA,367.582,3455.0,9875.0,0.0
25,2010,Massachusetts,MA,367.454,3446.0,9601.0,0.0
25,2011,Massachusetts,MA,367.255,3305.0,9323.0,0.0
25,2012,Massachusetts,MA,366.021,3132.0,8899.0,0.0
25,2013,Massachusetts,MA,364.605,3101.0,8265.0,0.0
25,2014,Massachusetts,MA,364.295,3042.0,7837.0,0.0
25,2015,Massachusetts,MA,363.127,3043.0,7377.0,0.0
25,2016,Massachusetts,MA,361.376,3017.0,6947.0,0.0
25,2017,Massachusetts,MA,362.855,3037.0,6679.0,0.0
25,2018,Massachusetts,MA,362.681,3060.0,6390.0,0.0
25,2019,Massachusetts,MA,361.01599999999996,3131.0,6054.0,6.0
25,2020,Massachusetts,MA,358.03000000000003,3146.0,5573.0,28.0
25,2021,Massachusetts,MA,357.943,3075.0,5290.0,29.0
25,2022,Massachusetts,MA,351.20799999999997,3015.0,5208.0,32.0
25,2023,Massachusetts,MA,351.20799999999997,2878.0,5137.0,25.0
25,2024,Massachusetts,MA,82.785,27.0,0.0,0.0
26,2000,Michigan,MI,671.452,673.0,3194.0,0.0
26,2001,Michigan,MI,669.261,1017.0,5636.0,0.0
26,2002,Michigan,MI,664.232,1187.0,7547.0,0.0
26,2003,Michigan,MI,658.703,1352.0,9184.0,0.0
26,2004,Michigan,MI,654.411,1524.0,10086.0,0.0
26,2005,Michigan,MI,646.4680000000001,1733.0,10438.0,0.0
26,2006,Michigan,MI,635.365,1865.0,9435.0,0.0
26,2007,Michigan,MI,626.016,1852.0,8511.0,0.0
26,2008,Michigan,MI,614.769,1926.0,7528.0,0.0
26,2009,Michigan,MI,601.703,1892.0,6604.0,0.0
26,2010,Michigan,MI,594.009,1850.0,6059.0,0.0
26,2011,Michigan,MI,586.157,1694.0,5435.0,0.0
26,2012,Michigan,MI,578.804,1712.0,5023.0,0.0
26,2013,Michigan,MI,574.368,1650.0,4639.0,0.0
26,2014,Michigan,MI,574.516,1559.0,4247.0,0.0
26,2015,Michigan,MI,572.98,1422.0,3846.0,0.0
26,2016,Michigan,MI,574.423,1314.0,3327.0,0.0
26,2017,Michigan,MI,571.999,1215.0,2913.0,0.0
26,2018,Michigan,MI,572.231,1136.0,2551.0,0.0
26,2019,Michigan,MI,570.524,1006.0,1903.0,0.0
26,2020,Michigan,MI,567.821,831.0,1537.0,0.0
26,2021,Michigan,MI,564.293,744.0,1112.0,0.0
26,2022,Michigan,MI,552.803,1778.0,1851.0,0.0
26,2023,Michigan,MI,552.803,3436.0,2845.0,0.0
26,2024,Michigan,MI,552.803,3705.0,2962.0,0.0
27,2003,Minnesota,MN,2.592,0.0,1.0,0.0
27,2004,Minnesota,MN,2.548,0.0,1.0,0.0
27,2005,Minnesota,MN,2.603,0.0,1.0,0.0
28,2000,Mississippi,MS,175.337,244.0,4.0,0.0
28,2001,Mississippi,MS,194.14,437.0,3.0,0.0
28,2002,Mississippi,MS,203.123,612.0,1.0,0.0
28,2003,Mississippi,MS,204.601,765.0,2.0,0.0
28,2004,Mississippi,MS,205.731,889.0,2.0,0.0
28,2005,Mississippi,MS,204.912,981.0,5.0,0.0
28,2006,Mississippi,MS,204.668,1100.0,5.0,0.0
28,2007,Mississippi,MS,209.518,1234.0,5.0,0.0
28,2008,Mississippi,MS,213.071,1299.0,2.0,0.0
28,2009,Mississippi,MS,212.487,1390.0,2.0,0.0
28,2010,Mississippi,MS,209.307,1479.0,0.0,0.0
28,2011,Mississippi,MS,206.279,1508.0,0.0,0.0
28,2012,Mississippi,MS,201.03,1497.0,0.0,0.0
28,2013,Mississippi,MS,195.545,1460.0,0.0,0.0
28,2014,Mississippi,MS,191.554,1472.0,0.0,0.0
28,2015,Mississippi,MS,189.756,1462.0,0.0,0.0
28,2016,Mississippi,MS,187.788,1443.0,0.0,0.0
28,2017,Mississippi,MS,190.855,1532.0,0.0,0.0
28,2018,Mississippi,MS,188.575,1603.0,0.0,0.0
28,2019,Mississippi,MS,186.647,1594.0,0.0,0.0
28,2020,Mississippi,MS,185.274,1570.0,0.0,0.0
28,2021,Mississippi,MS,182.146,1587.0,0.0,0.0
28,2022,Mississippi,MS,178.246,1583.0,0.0,0.0
28,2023,Mississippi,MS,178.246,1570.0,0.0,0.0
28,2024,Mississippi,MS,10.9,3.0,0.0,0.0
29,2000,Missouri,MO,155.59,77.0,97.0,0.0
29,2001,Missouri,MO,157.226,77.0,103.0,0.0
29,2002,Missouri,MO,159.513,86.0,113.0,0.0
29,2003,Missouri,MO,161.755,89.0,126.0,0.0
29,2004,Missouri,MO,156.696,90.0,136.0,0.0
29,2005,Missouri,MO,160.342,92.0,144.0,0.0
29,2006,Missouri,MO,161.50900000000001,94.0,156.0,0.0
29,2007,Missouri,MO,165.111,98.0,177.0,0.0
29,2008,Missouri,MO,166.076,102.0,192.0,0.0
29,2009,Missouri,MO,166.547,111.0,203.0,0.0
29,2010,Missouri,MO,165.339,118.0,219.0,0.0
29,2011,Missouri,MO,163.257,129.0,242.0,0.0
29,2012,Missouri,MO,161.03,136.0,273.0,0.0
29,2013,Missouri,MO,159.387,142.0,304.0,0.0
29,2014,Missouri,MO,159.088,151.0,328.0,0.0
29,2015,Missouri,MO,158.234,160.0,345.0,0.0
29,2016,Missouri,MO,158.507,167.0,362.0,0.0
29,2017,Missouri,MO,158.188,174.0,362.0,0.0
29,2018,Missouri,MO,158.20000000000002,178.0,348.0,0.0
29,2019,Missouri,MO,157.295,180.0,338.0,0.0
29,2020,Missouri,MO,157.144,185.0,332.0,0.0
29,2021,Missouri,MO,155.92000000000002,185.0,319.0,0.0
29,2022,Missouri,MO,152.87199999999999,179.0,299.0,0.0
29,2023,Missouri,MO,152.87199999999999,166.0,267.0,0.0
31,2000,Nebraska,NE,111.997,135.0,266.0,0.0
31,2001,Nebraska,NE,116.92099999999999,250.0,585.0,0.0
31,2002,Nebraska,NE,118.676,407.0,1012.0,0.0
31,2003,Nebraska,NE,121.376,673.0,1804.0,0.0
31,2004,Nebraska,NE,124.019,733.0,2120.0,0.0
31,2005,Nebraska,NE,126.038,738.0,2127.0,0.0
31,2006,Nebraska,NE,127.341,732.0,2115.0,0.0
31,2007,Nebraska,NE,128.966,784.0,2129.0,0.0
31,2008,Nebraska,NE,129.973,813.0,2175.0,0.0
31,2009,Nebraska,NE,130.722,823.0,2220.0,0.0
31,2010,Nebraska,NE,131.805,851.0,2222.0,0.0
31,2011,Nebraska,NE,131.463,857.0,2209.0,0.0
31,2012,Nebraska,NE,130.987,869.0,2126.0,0.0
31,2013,Nebraska,NE,130.564,850.0,1918.0,226.0
31,2014,Nebraska,NE,130.692,673.0,1693.0,108.0
31,2015,Nebraska,NE,131.16899999999998,634.0,1544.0,87.0
31,2016,Nebraska,NE,132.196,632.0,1468.0,97.0
31,2017,Nebraska,NE,130.304,630.0,1372.0,106.0
31,2018,Nebraska,NE,131.299,586.0,1285.0,100.0
31,2019,Nebraska,NE,130.6,569.0,1177.0,79.0
31,2020,Nebraska,NE,129.574,511.0,1013.0,72.0
31,2021,Nebraska,NE,128.601,443.0,900.0,62.0
31,2022,Nebraska,NE,125.489,362.0,781.0,39.0
31,2023,Nebraska,NE,118.372,218.0,434.0,5.0
32,2002,Nevada,NV,113.127,0.0,1.0,0.0
32,2003,Nevada,NV,117.55,0.0,1.0,0.0
32,2004,Nevada,NV,123.94,0.0,1.0,0.0
33,2000,New Hampshire,NH,75.75,156.0,98.0,0.0
33,2001,New Hampshire,NH,75.798,140.0,88.0,0.0
33,2002,New Hampshire,NH,75.54299999999999,127.0,70.0,0.0
33,2003,New Hampshire,NH,75.13,115.0,59.0,0.0
33,2004,New Hampshire,NH,74.91199999999999,103.0,54.0,0.0
33,2005,New Hampshire,NH,75.28999999999999,96.0,43.0,0.0
33,2006,New Hampshire,NH,75.11,93.0,38.0,0.0
33,2007,New Hampshire,NH,74.018,95.0,35.0,0.0
33,2008,New Hampshire,NH,72.953,110.0,40.0,0.0
33,2009,New Hampshire,NH,71.229,138.0,54.0,0.0
33,2010,New Hampshire,NH,69.436,146.0,74.0,0.0
33,2011,New Hampshire,NH,68.12400000000001,172.0,79.0,0.0
33,2012,New Hampshire,NH,66.298,164.0,74.0,0.0
33,2013,New Hampshire,NH,65.364,166.0,80.0,0.0
33,2014,New Hampshire,NH,64.768,176.0,72.0,0.0
33,2015,New Hampshire,NH,64.45400000000001,189.0,65.0,0.0
33,2016,New Hampshire,NH,64.2,183.0,60.0,0.0
33,2017,New Hampshire,NH,64.233,170.0,56.0,0.0
33,2018,New Hampshire,NH,64.07900000000001,170.0,49.0,0.0
33,2019,New Hampshire,NH,63.843,186.0,49.0,0.0
33,2020,New Hampshire,NH,63.677,148.0,45.0,0.0
33,2021,New Hampshire,NH,63.509,126.0,37.0,0.0
33,2022,New Hampshire,NH,61.727999999999994,115.0,41.0,0.0
33,2023,New Hampshire,NH,62.919,96.0,29.0,0.0
34,2004,New Jersey,NJ,569.178,3782.0,0.0,0.0
34,2005,New Jersey,NJ,563.833,4019.0,0.0,0.0
34,2006,New Jersey,NJ,555.882,4111.0,1.0,0.0
34,2007,New Jersey,NJ,551.276,3972.0,1.0,0.0
34,2008,New Jersey,NJ,546.507,3964.0,1.0,0.0
34,2009,New Jersey,NJ,541.263,3966.0,1.0,0.0
34,2010,New Jersey,NJ,540.982,3952.0,2.0,0.0
34,2011,New Jersey,NJ,539.934,3895.0,2.0,0.0
34,2012,New Jersey,NJ,535.168,3815.0,2.0,0.0
34,2013,New Jersey,NJ,530.78,3786.0,2.0,0.0
34,2014,New Jersey,NJ,530.201,3765.0,2.0,0.0
34,2015,New Jersey,NJ,526.158,3708.0,2.0,0.0
34,2016,New Jersey,NJ,521.332,3701.0,2.0,0.0
34,2017,New Jersey,NJ,526.716,3756.0,2.0,0.0
34,2018,New Jersey,NJ,521.684,4288.0,2225.0,0.0
34,2019,New Jersey,NJ,519.524,4373.0,2543.0,0.0
34,2020,New Jersey,NJ,518.349,4312.0,2039.0,0.0
34,2021,New Jersey,NJ,530.376,4226.0,1457.0,0.0
34,2022,New Jersey,NJ,523.995,4171.0,1377.0,0.0
34,2023,New Jersey,NJ,523.995,4029.0,1482.0,0.0
34,2024,New Jersey,NJ,523.995,3929.0,1377.0,0.0
36,2000,New York,NY,1236.848,704.0,7321.0,907.0
36,2001,New York,NY,1221.793,850.0,11714.0,1360.0
36,2002,New York,NY,1212.01,1020.0,14580.0,1545.0
36,2003,New York,NY,1204.454,1146.0,16218.0,1740.0
36,2004,New York,NY,1197.698,1254.0,16595.0,1837.0
36,2005,New York,NY,1180.745,1330.0,16597.0,2022.0
36,2006,New York,NY,1160.8110000000001,1409.0,16418.0,2188.0
36,2007,New York,NY,1156.834,1494.0,16952.0,2270.0
36,2008,New York,NY,1159.239,1560.0,17328.0,2400.0
36,2009,New York,NY,1157.343,1624.0,17932.0,2531.0
36,2010,New York,NY,1159.869,1722.0,18300.0,2564.0
36,2011,New York,NY,1170.543,1773.0,18546.0,2548.0
36,2012,New York,NY,1172.604,1817.0,18475.0,2552.0
36,2013,New York,NY,1174.63,1868.0,18440.0,2591.0
36,2014,New York,NY,1176.959,1916.0,18069.0,2903.0
36,2015,New York,NY,1172.696,1972.0,17295.0,2897.0
36,2016,New York,NY,1160.057,2016.0,16433.0,2887.0
36,2017,New York,NY,1176.877,2064.0,16177.0,2953.0
36,2018,New York,NY,1163.606,2081.0,15782.0,2989.0
36,2019,New York,NY,1154.201,2118.0,15476.0,2998.0
36,2020,New York,NY,1140.669,2154.0,14414.0,2950.0
36,2021,New York,NY,1154.376,2143.0,14127.0,2971.0
36,2022,New York,NY,1121.872,2179.0,14161.0,2986.0
36,2023,New York,NY,1121.872,1947.0,13167.0,2722.0
36,2024,New York,NY,589.158,15.0,0.0,0.0
37,2000,North Carolina,NC,7.716,0.0,2.0,0.0
37,2001,North Carolina,NC,7.901999999999999,0.0,2.0,0.0
37,2002,North Carolina,NC,8.096,0.0,2.0,0.0
37,2003,North Carolina,NC,8.251999999999999,0.0,2.0,0.0
37,2004,North Carolina,NC,5.536,0.0,1.0,0.0
37,2005,North Carolina,NC,19.073,1.0,1.0,0.0
37,2006,North Carolina,NC,13.588,1.0,0.0,0.0
37,2007,North Carolina,NC,14.161,1.0,0.0,0.0
37,2008,North Carolina,NC,15.098,1.0,0.0,0.0
37,2009,North Carolina,NC,16.176,1.0,0.0,0.0
37,2010,North Carolina,NC,17.242,1.0,0.0,0.0
37,2011,North Carolina,NC,17.967,1.0,0.0,0.0
37,2012,North Carolina,NC,18.274,1.0,0.0,0.0
37,2013,North Carolina,NC,29.89,1.0,1.0,0.0
37,2014,North Carolina,NC,29.646,1.0,1.0,0.0
37,2015,North Carolina,NC,29.185000000000002,1.0,1.0,0.0
37,2016,North Carolina,NC,17.418,1.0,0.0,0.0
37,2017,North Carolina,NC,40.729,7.0,0.0,0.0
37,2018,North Carolina,NC,40.281000000000006,14.0,0.0,0.0
37,2019,North Carolina,NC,40.032,15.0,0.0,0.0
37,2020,North Carolina,NC,39.622,15.0,0.0,0.0
37,2021,North Carolina,NC,39.006,10.0,0.0,0.0
37,2022,North Carolina,NC,38.611000000000004,10.0,0.0,0.0
37,2023,North Carolina,NC,38.611000000000004,10.0,0.0,0.0
37,2024,North Carolina,NC,38.611000000000004,10.0,0.0,0.0
38,2013,North Dakota,ND,0.495,1.0,0.0,0.0
38,2014,North Dakota,ND,1.101,2.0,0.0,0.0
38,2015,North Dakota,ND,1.079,2.0,0.0,0.0
38,2016,North Dakota,ND,1.1099999999999999,2.0,0.0,0.0
39,2000,Ohio,OH,4.011,0.0,1.0,0.0
39,2001,Ohio,OH,4.076,0.0,1.0,0.0
39,2002,Ohio,OH,4.151,0.0,1.0,0.0
39,2003,Ohio,OH,4.184,0.0,1.0,0.0
39,2004,Ohio,OH,4.289,0.0,1.0,0.0
39,2014,Ohio,OH,696.733,4539.0,4949.0,13.0
39,2015,Ohio,OH,696.816,4432.0,4463.0,13.0
39,2016,Ohio,OH,697.923,4378.0,3972.0,51.0
39,2017,Ohio,OH,695.7040000000001,4286.0,3436.0,49.0
39,2018,Ohio,OH,695.933,4297.0,3080.0,52.0
39,2019,Ohio,OH,694.711,4290.0,2813.0,55.0
39,2020,Ohio,OH,692.983,4316.0,2630.0,34.0
39,2021,Ohio,OH,689.126,4358.0,2609.0,39.0
39,2022,Ohio,OH,676.403,4435.0,2580.0,37.0
39,2023,Ohio,OH,676.403,4321.0,2519.0,30.0
41,2004,Oregon,OR,63.161,54.0,0.0,0.0
41,2005,Oregon,OR,63.545,55.0,0.0,0.0
41,2006,Oregon,OR,63.706,56.0,0.0,0.0
41,2007,Oregon,OR,65.20400000000001,56.0,0.0,0.0
41,2008,Oregon,OR,66.362,57.0,0.0,0.0
41,2009,Oregon,OR,67.195,57.0,0.0,0.0
41,2010,Oregon,OR,67.904,55.0,0.0,0.0
41,2011,Oregon,OR,67.832,55.0,0.0,0.0
41,2012,Oregon,OR,67.493,54.0,0.0,0.0
41,2013,Oregon,OR,67.215,52.0,0.0,0.0
41,2014,Oregon,OR,67.71799999999999,51.0,0.0,0.0
41,2015,Oregon,OR,68.201,53.0,0.0,0.0
41,2016,Oregon,OR,68.571,52.0,0.0,0.0
41,2017,Oregon,OR,67.68,43.0,0.0,0.0
41,2018,Oregon,OR,67.42099999999999,43.0,0.0,0.0
41,2019,Oregon,OR,66.2,42.0,0.0,0.0
41,2020,Oregon,OR,64.961,41.0,0.0,0.0
41,2021,Oregon,OR,62.869,41.0,0.0,0.0
41,2022,Oregon,OR,60.125,39.0,0.0,0.0
41,2023,Oregon,OR,60.125,31.0,0.0,0.0
41,2024,Oregon,OR,60.125,30.0,0.0,0.0
42,2001,Pennsylvania,PA,5.247,0.0,1.0,0.0
42,2002,Pennsylvania,PA,5.189,0.0,1.0,0.0
42,2003,Pennsylvania,PA,5.15,0.0,1.0,0.0
42,2004,Pennsylvania,PA,243.06599999999997,25.0,1.0,0.0
42,2005,Pennsylvania,PA,242.91899999999998,27.0,1.0,0.0
42,2006,Pennsylvania,PA,241.471,29.0,1.0,0.0
42,2007,Pennsylvania,PA,242.275,28.0,1.0,0.0
42,2008,Pennsylvania,PA,241.481,26.0,1.0,0.0
42,2009,Pennsylvania,PA,242.62099999999998,25.0,1.0,0.0
42,2010,Pennsylvania,PA,255.101,29.0,2.0,0.0
42,2011,Pennsylvania,PA,255.385,27.0,2.0,0.0
42,2012,Pennsylvania,PA,254.59,29.0,2.0,0.0
42,2013,Pennsylvania,PA,226.455,26.0,1.0,0.0
42,2014,Pennsylvania,PA,226.56900000000002,26.0,1.0,0.0
42,2015,Pennsylvania,PA,219.05599999999998,27.0,1.0,0.0
42,2016,Pennsylvania,PA,217.477,24.0,1.0,0.0
42,2017,Pennsylvania,PA,225.212,26.0,1.0,0.0
42,2018,Pennsylvania,PA,224.858,29.0,1.0,0.0
42,2019,Pennsylvania,PA,706.409,7550.0,3409.0,0.0
42,2020,Pennsylvania,PA,702.163,10405.0,4415.0,0.0
42,2021,Pennsylvania,PA,700.622,10346.0,4121.0,0.0
42,2022,Pennsylvania,PA,688.293,10516.0,3878.0,0.0
42,2023,Pennsylvania,PA,688.293,8190.0,2820.0,0.0
42,2024,Pennsylvania,PA,211.098,22.0,0.0,0.0
44,2000,Rhode Island,RI,63.916,436.0,1137.0,0.0
44,2001,Rhode Island,RI,63.46,438.0,1242.0,0.0
44,2002,Rhode Island,RI,63.37200000000001,457.0,1345.0,0.0
44,2003,Rhode Island,RI,63.289,477.0,1466.0,0.0
44,2004,Rhode Island,RI,63.118,479.0,1483.0,0.0
44,2005,Rhode Island,RI,61.665,484.0,1521.0,0.0
44,2006,Rhode Island,RI,60.286,471.0,1556.0,0.0
44,2007,Rhode Island,RI,59.745000000000005,453.0,1497.0,0.0
44,2008,Rhode Island,RI,59.08100000000001,433.0,1319.0,0.0
44,2009,Rhode Island,RI,57.731,431.0,1057.0,0.0
44,2010,Rhode Island,RI,57.287,424.0,873.0,0.0
44,2011,Rhode Island,RI,56.33800000000001,450.0,796.0,0.0
44,2012,Rhode Island,RI,55.644999999999996,440.0,729.0,0.0
44,2013,Rhode Island,RI,54.937999999999995,443.0,683.0,0.0
44,2014,Rhode Island,RI,54.88900000000001,441.0,627.0,0.0
44,2015,Rhode Island,RI,54.818,428.0,596.0,0.0
44,2016,Rhode Island,RI,54.708,447.0,562.0,0.0
44,2017,Rhode Island,RI,54.571,438.0,536.0,0.0
44,2018,Rhode Island,RI,54.587,445.0,528.0,0.0
44,2019,Rhode Island,RI,54.672,462.0,512.0,0.0
44,2020,Rhode Island,RI,54.688,469.0,491.0,0.0
44,2021,Rhode Island,RI,55.36999999999999,448.0,472.0,0.0
44,2022,Rhode Island,RI,54.172,440.0,437.0,0.0
44,2023,Rhode Island,RI,54.172,429.0,424.0,0.0
45,2000,South Carolina,SC,9.462,2.0,0.0,0.0
45,2001,South Carolina,SC,9.505,2.0,0.0,0.0
45,2002,South Carolina,SC,9.51,2.0,0.0,0.0
45,2003,South Carolina,SC,9.43,2.0,0.0,0.0
45,2004,South Carolina,SC,9.466,4.0,0.0,0.0
45,2005,South Carolina,SC,13.824,5.0,0.0,0.0
45,2006,South Carolina,SC,13.716999999999999,5.0,0.0,0.0
45,2007,South Carolina,SC,14.133000000000001,5.0,0.0,0.0
45,2008,South Carolina,SC,14.514,5.0,0.0,0.0
45,2009,South Carolina,SC,9.937,4.0,0.0,0.0
45,2010,South Carolina,SC,10.051,3.0,0.0,0.0
45,2011,South Carolina,SC,9.92,2.0,0.0,0.0
45,2012,South Carolina,SC,9.857,1.0,0.0,0.0
45,2015,South Carolina,SC,15.903,0.0,1.0,0.0
45,2016,South Carolina,SC,31.969,0.0,3.0,0.0
45,2017,South Carolina,SC,31.538,0.0,3.0,0.0
45,2018,South Carolina,SC,31.862000000000002,0.0,2.0,0.0
45,2019,South Carolina,SC,32.024,0.0,2.0,0.0
45,2020,South Carolina,SC,32.285,0.0,2.0,0.0
46,2013,South Dakota,SD,2.0389999999999997,2.0,0.0,1.0
46,2014,South Dakota,SD,1.568,1.0,0.0,1.0
46,2015,South Dakota,SD,1.632,0.0,0.0,1.0
46,2016,South Dakota,SD,1.617,0.0,0.0,1.0
47,2008,Tennessee,TN,66.74,0.0,1.0,0.0
47,2011,Tennessee,TN,1.769,0.0,1.0,0.0
47,2012,Tennessee,TN,1.79,0.0,1.0,0.0
47,2013,Tennessee,TN,1.784,0.0,1.0,0.0
47,2014,Tennessee,TN,1.776,0.0,1.0,0.0
47,2018,Tennessee,TN,403.591,3606.0,579.0,29.0
47,2019,Tennessee,TN,406.438,3624.0,585.0,29.0
47,2020,Tennessee,TN,406.986,3624.0,585.0,29.0
47,2021,Tennessee,TN,405.867,3624.0,585.0,29.0
47,2022,Tennessee,TN,402.591,3625.0,585.0,29.0
47,2023,Tennessee,TN,402.591,3625.0,585.0,29.0
47,2024,Tennessee,TN,402.591,3625.0,585.0,29.0
48,2000,Texas,TX,299.15,0.0,3.0,0.0
48,2001,Texas,TX,308.336,0.0,3.0,0.0
48,2002,Texas,TX,1710.548,9038.0,17939.0,653.0
48,2003,Texas,TX,1752.461,9255.0,17622.0,711.0
48,2004,Texas,TX,1794.826,8972.0,16890.0,751.0
48,2005,Texas,TX,1826.16,8947.0,16244.0,821.0
48,2006,Texas,TX,1862.433,8961.0,15843.0,900.0
48,2007,Texas,TX,1891.531,9050.0,18259.0,990.0
48,2008,Texas,TX,1917.1,9156.0,20326.0,1108.0
48,2009,Texas,TX,1928.336,9179.0,21029.0,1219.0
48,2010,Texas,TX,1929.335,9092.0,19437.0,1316.0
48,2011,Texas,TX,1938.1699999999998,9026.0,19862.0,1551.0
48,2012,Texas,TX,1939.873,8846.0,18273.0,1700.0
48,2013,Texas,TX,1942.903,8798.0,16430.0,1705.0
48,2014,Texas,TX,1967.307,8706.0,15371.0,1721.0
48,2015,Texas,TX,1997.892,8676.0,14607.0,1692.0
48,2016,Texas,TX,2018.831,8677.0,13349.0,1744.0
48,2017,Texas,TX,1981.193,8699.0,11995.0,1829.0
48,2018,Texas,TX,1997.867,8764.0,10722.0,1826.0
48,2019,Texas,TX,1998.859,8872.0,9763.0,1805.0
48,2020,Texas,TX,1996.097,8726.0,8801.0,1766.0
48,2021,Texas,TX,1958.265,8676.0,8310.0,1686.0
48,2022,Texas,TX,1922.441,8518.0,7596.0,1600.0
48,2023,Texas,TX,1922.573,8521.0,7014.0,1588.0
50,2002,Vermont,VT,1.512,0.0,1.0,0.0
50,2004,Vermont,VT,3.171,0.0,1.0,0.0
50,2005,Vermont,VT,32.955999999999996,1701.0,8.0,141.0
50,2006,Vermont,VT,32.473,2014.0,15.0,173.0
50,2007,Vermont,VT,32.575,1932.0,16.0,177.0
50,2008,Vermont,VT,32.344,1893.0,18.0,181.0
50,2009,Vermont,VT,32.012,1814.0,18.0,188.0
50,2010,Vermont,VT,31.956,1746.0,21.0,176.0
50,2011,Vermont,VT,31.560000000000002,1663.0,20.0,178.0
50,2012,Vermont,VT,31.021,1638.0,24.0,173.0
50,2013,Vermont,VT,30.729,1573.0,17.0,174.0
50,2014,Vermont,VT,30.759,1520.0,20.0,178.0
50,2015,Vermont,VT,30.698,1458.0,21.0,185.0
50,2016,Vermont,VT,30.641,1277.0,21.0,162.0
50,2017,Vermont,VT,24.861,46.0,1.0,4.0
50,2018,Vermont,VT,4.242,2.0,0.0,0.0
50,2019,Vermont,VT,4.241,2.0,0.0,0.0
50,2020,Vermont,VT,4.136,2.0,0.0,0.0
50,2021,Vermont,VT,4.069,2.0,0.0,0.0
50,2022,Vermont,VT,3.989,2.0,0.0,0.0
51,2000,Virginia,VA,67.941,0.0,1.0,0.0
51,2001,Virginia,VA,68.826,0.0,1.0,0.0
51,2002,Virginia,VA,69.027,0.0,1.0,0.0
51,2003,Virginia,VA,69.384,0.0,1.0,0.0
51,2004,Virginia,VA,70.24,1.0,1.0,0.0
51,2005,Virginia,VA,71.415,1.0,1.0,0.0
51,2006,Virginia,VA,78.87599999999999,2.0,1.0,0.0
51,2007,Virginia,VA,79.138,2.0,1.0,0.0
51,2008,Virginia,VA,71.241,1.0,1.0,0.0
51,2009,Virginia,VA,72.244,1.0,1.0,0.0
51,2010,Virginia,VA,73.415,1.0,1.0,0.0
51,2011,Virginia,VA,75.117,1.0,1.0,0.0
51,2012,Virginia,VA,75.979,1.0,1.0,0.0
51,2013,Virginia,VA,76.014,1.0,1.0,0.0
51,2014,Virginia,VA,75.135,1.0,2.0,0.0
51,2015,Virginia,VA,74.63,1.0,1.0,0.0
51,2016,Virginia,VA,101.745,2.0,1.0,0.0
51,2017,Virginia,VA,505.418,2682.0,1193.0,4.0
51,2018,Virginia,VA,505.308,2800.0,1309.0,7.0
51,2019,Virginia,VA,503.752,2940.0,1549.0,10.0
51,2020,Virginia,VA,503.352,3063.0,1791.0,11.0
51,2021,Virginia,VA,496.899,3249.0,1944.0,16.0
51,2022,Virginia,VA,489.595,3462.0,2645.0,25.0
51,2023,Virginia,VA,489.595,3542.0,2885.0,25.0
51,2024,Virginia,VA,97.415,4.0,0.0,0.0
53,2004,Washington,WA,6.39,0.0,1.0,0.0
53,2016,Washington,WA,49.839,0.0,1.0,0.0
53,2017,Washington,WA,48.841,0.0,1.0,0.0
53,2018,Washington,WA,49.928,0.0,1.0,0.0
55,2000,Wisconsin,WI,342.343,3415.0,278.0,0.0
55,2001,Wisconsin,WI,343.418,3829.0,1467.0,0.0
55,2002,Wisconsin,WI,344.897,4600.0,3905.0,0.0
55,2003,Wisconsin,WI,346.753,4876.0,5790.0,0.0
55,2004,Wisconsin,WI,349.102,5080.0,6581.0,0.0
55,2005,Wisconsin,WI,349.484,5175.0,6301.0,0.0
55,2006,Wisconsin,WI,350.89,5130.0,5945.0,0.0
55,2007,Wisconsin,WI,355.343,5126.0,5433.0,0.0
55,2008,Wisconsin,WI,357.921,5048.0,4850.0,0.0
55,2009,Wisconsin,WI,358.37,4893.0,4422.0,0.0
55,2010,Wisconsin,WI,357.82599999999996,4689.0,3785.0,0.0
55,2011,Wisconsin,WI,353.81,4389.0,3047.0,0.0
55,2012,Wisconsin,WI,349.063,4178.0,2632.0,0.0
55,2013,Wisconsin,WI,344.38100000000003,4022.0,2228.0,0.0
55,2014,Wisconsin,WI,341.911,3871.0,1857.0,0.0
55,2015,Wisconsin,WI,338.394,3760.0,1525.0,0.0
55,2016,Wisconsin,WI,336.906,3663.0,1272.0,0.0
55,2017,Wisconsin,WI,337.472,3585.0,1086.0,0.0
55,2018,Wisconsin,WI,335.92,3500.0,934.0,0.0
55,2019,Wisconsin,WI,333.184,3475.0,774.0,0.0
55,2020,Wisconsin,WI,331.06600000000003,3382.0,656.0,0.0
55,2021,Wisconsin,WI,329.324,3422.0,655.0,0.0
55,2022,Wisconsin,WI,321.594,3394.0,645.0,0.0
55,2023,Wisconsin,WI,321.594,3215.0,557.0,0.0
1,2009,,,19.917,1.0,1.0,0.0
1,2010,,,19.917,1.0,1.0,0.0
1,2011,,,19.917,1.0,1.0,0.0
1,2012,,,19.917,1.0,1.0,0.0
1,2013,,,19.917,1.0,1.0,0.0
1,2014,,,19.917,1.0,1.0,0.0
1,2015,,,19.917,1.0,1.0,0.0
1,2016,,,19.917,1.0,1.0,0.0
1,2017,,,19.917,1.0,1.0,0.0
1,2018,,,19.917,1.0,1.0,0.0
1,2019,,,19.917,1.0,1.0,0.0
1,2020,,,19.917,1.0,1.0,0.0
1,2021,,,19.917,1.0,1.0,0.0
1,2022,,,19.917,1.0,1.0,0.0
1,2023,,,19.917,1.0,1.0,0.0
2,2000,,,0.0,0.0,0.0,0.0
2,2001,,,0.0,0.0,0.0,0.0
2,2002,,,0.0,0.0,0.0,0.0
2,2003,,,0.0,0.0,0.0,0.0
2,2004,,,0.0,0.0,0.0,0.0
4,2002,,,252.449,0.0,1.0,0.0
4,2003,,,252.449,0.0,1.0,0.0
4,2004,,,252.449,0.0,1.0,0.0
4,2005,,,252.449,0.0,1.0,0.0
4,2006,,,252.449,0.0,1.0,0.0
4,2007,,,252.449,0.0,1.0,0.0
4,2008,,,252.449,0.0,1.0,0.0
4,2009,,,252.449,0.0,1.0,0.0
4,2010,,,252.449,0.0,1.0,0.0
4,2011,,,252.449,0.0,1.0,0.0
4,2012,,,252.449,0.0,1.0,0.0
4,2013,,,252.449,0.0,1.0,0.0
4,2014,,,252.449,0.0,1.0,0.0
5,2001,,,1.752,0.0,1.0,0.0
5,2002,,,1.752,0.0,1.0,0.0
5,2003,,,1.752,0.0,1.0,0.0
5,2009,,,3.721,0.0,2.0,0.0
5,2010,,,3.721,0.0,2.0,0.0
5,2011,,,3.721,0.0,2.0,0.0
5,2012,,,3.721,0.0,2.0,0.0
5,2013,,,3.721,0.0,2.0,0.0
5,2014,,,3.721,0.0,2.0,0.0
5,2015,,,3.721,0.0,2.0,0.0
5,2016,,,3.721,0.0,2.0,0.0
5,2017,,,3.721,0.0,2.0,0.0
5,2018,,,3.721,0.0,2.0,0.0
5,2019,,,3.721,0.0,2.0,0.0
5,2020,,,3.721,0.0,2.0,0.0
5,2021,,,3.721,0.0,2.0,0.0
5,2022,,,3.721,0.0,2.0,0.0
5,2023,,,3.721,0.0,2.0,0.0
8,2000,,,0.0,0.0,0.0,0.0
8,2001,,,0.0,0.0,0.0,0.0
8,2002,,,0.0,0.0,0.0,0.0
8,2003,,,0.0,0.0,0.0,0.0
9,2022,,,182.12199999999999,1080.0,3247.0,0.0
9,2023,,,182.12199999999999,1080.0,3247.0,0.0
10,2000,,,0.0,0.0,0.0,0.0
10,2001,,,0.0,0.0,0.0,0.0
10,2002,,,0.0,0.0,0.0,0.0
10,2003,,,0.0,0.0,0.0,0.0
11,2000,,,0.0,0.0,0.0,0.0
11,2001,,,0.0,0.0,0.0,0.0
11,2002,,,0.0,0.0,0.0,0.0
11,2003,,,0.0,0.0,0.0,0.0
11,2004,,,0.0,0.0,0.0,0.0
11,2005,,,0.0,0.0,0.0,0.0
11,2006,,,0.0,0.0,0.0,0.0
11,2007,,,0.0,0.0,0.0,0.0
11,2008,,,0.0,0.0,0.0,0.0
11,2009,,,0.0,0.0,0.0,0.0
11,2010,,,0.0,0.0,0.0,0.0
11,2011,,,0.0,0.0,0.0,0.0
11,2012,,,0.0,0.0,0.0,0.0
11,2013,,,0.0,0.0,0.0,0.0
11,2014,,,0.0,0.0,0.0,0.0
11,2015,,,0.0,0.0,0.0,0.0
11,2016,,,0.0,0.0,0.0,0.0
11,2017,,,0.0,0.0,0.0,0.0
11,2018,,,0.0,0.0,0.0,0.0
11,2019,,,0.0,0.0,0.0,0.0
11,2020,,,0.0,0.0,0.0,0.0
11,2021,,,0.0,0.0,0.0,0.0
11,2022,,,0.0,0.0,0.0,0.0
11,2023,,,0.0,0.0,0.0,0.0
12,2000,,,0.0,0.0,0.0,0.0
12,2002,,,109.43,0.0,2.0,0.0
15,2000,,,0.0,0.0,0.0,0.0
15,2001,,,0.0,0.0,0.0,0.0
15,2002,,,0.0,0.0,0.0,0.0
15,2003,,,0.0,0.0,0.0,0.0
15,2004,,,0.0,0.0,0.0,0.0
15,2005,,,0.0,0.0,0.0,0.0
15,2006,,,0.0,0.0,0.0,0.0
15,2007,,,0.0,0.0,0.0,0.0
15,2008,,,0.0,0.0,0.0,0.0
15,2009,,,0.0,0.0,0.0,0.0
15,2010,,,0.0,0.0,0.0,0.0
15,2011,,,0.0,0.0,0.0,0.0
15,2012,,,0.0,0.0,0.0,0.0
15,2013,,,0.0,0.0,0.0,0.0
15,2014,,,0.0,0.0,0.0,0.0
15,2015,,,0.0,0.0,0.0,0.0
15,2016,,,0.0,0.0,0.0,0.0
15,2017,,,0.0,0.0,0.0,0.0
15,2018,,,0.0,0.0,0.0,0.0
15,2019,,,0.0,0.0,0.0,0.0
15,2020,,,0.0,0.0,0.0,0.0
15,2021,,,0.0,0.0,0.0,0.0
15,2022,,,0.0,0.0,0.0,0.0
15,2023,,,0.0,0.0,0.0,0.0
16,2000,,,0.0,0.0,0.0,0.0
16,2001,,,0.0,0.0,0.0,0.0
16,2002,,,0.0,0.0,0.0,0.0
16,2003,,,0.0,0.0,0.0,0.0
16,2004,,,0.0,0.0,0.0,0.0
16,2005,,,0.0,0.0,0.0,0.0
16,2006,,,0.0,0.0,0.0,0.0
16,2007,,,0.0,0.0,0.0,0.0
16,2008,,,0.0,0.0,0.0,0.0
16,2009,,,0.0,0.0,0.0,0.0
16,2010,,,0.0,0.0,0.0,0.0
16,2011,,,0.0,0.0,0.0,0.0
16,2012,,,0.0,0.0,0.0,0.0
16,2013,,,0.0,0.0,0.0,0.0
16,2014,,,0.0,0.0,0.0,0.0
16,2015,,,0.0,0.0,0.0,0.0
16,2016,,,0.0,0.0,0.0,0.0
16,2017,,,0.0,0.0,0.0,0.0
16,2018,,,0.0,0.0,0.0,0.0
16,2019,,,0.0,0.0,0.0,0.0
16,2020,,,0.0,0.0,0.0,0.0
16,2021,,,0.0,0.0,0.0,0.0
16,2022,,,0.0,0.0,0.0,0.0
16,2023,,,0.0,0.0,0.0,0.0
18,2000,,,0.0,0.0,0.0,0.0
18,2001,,,0.0,0.0,0.0,0.0
18,2002,,,0.0,0.0,0.0,0.0
18,2003,,,0.0,0.0,0.0,0.0
18,2004,,,0.0,0.0,0.0,0.0
18,2005,,,0.0,0.0,0.0,0.0
18,2006,,,0.0,0.0,0.0,0.0
18,2007,,,0.0,0.0,0.0,0.0
18,2008,,,0.0,0.0,0.0,0.0
18,2009,,,0.0,0.0,0.0,0.0
19,2000,,,0.0,0.0,0.0,0.0
19,2006,,,1.043,0.0,1.0,0.0
19,2007,,,1.043,0.0,1.0,0.0
19,2008,,,1.043,0.0,1.0,0.0
19,2009,,,1.043,0.0,1.0,0.0
19,2010,,,1.043,0.0,1.0,0.0
19,2011,,,1.043,0.0,1.0,0.0
19,2012,,,1.043,0.0,1.0,0.0
19,2013,,,1.043,0.0,1.0,0.0
19,2014,,,1.043,0.0,1.0,0.0
19,2015,,,1.043,0.0,1.0,0.0
19,2016,,,1.043,0.0,1.0,0.0
19,2017,,,1.043,0.0,1.0,0.0
19,2018,,,1.043,0.0,1.0,0.0
19,2019,,,1.043,0.0,1.0,0.0
19,2020,,,1.043,0.0,1.0,0.0
19,2021,,,1.043,0.0,1.0,0.0
19,2022,,,1.043,0.0,1.0,0.0
19,2023,,,1.043,0.0,1.0,0.0
21,2000,,,0.0,0.0,0.0,0.0
21,2001,,,0.0,0.0,0.0,0.0
21,2002,,,0.0,0.0,0.0,0.0
21,2006,,,8.39,0.0,1.0,0.0
21,2007,,,8.39,0.0,1.0,0.0
21,2008,,,8.39,0.0,1.0,0.0
21,2009,,,8.39,0.0,1.0,0.0
21,2010,,,8.39,0.0,1.0,0.0
21,2011,,,8.39,0.0,1.0,0.0
21,2012,,,8.39,0.0,1.0,0.0
21,2013,,,8.39,0.0,1.0,0.0
21,2014,,,8.39,0.0,1.0,0.0
21,2015,,,8.39,0.0,1.0,0.0
21,2016,,,8.39,0.0,1.0,0.0
27,2000,,,0.0,0.0,0.0,0.0
27,2001,,,0.0,0.0,0.0,0.0
27,2002,,,0.0,0.0,0.0,0.0
27,2006,,,2.603,0.0,1.0,0.0
27,2007,,,2.603,0.0,1.0,0.0
27,2008,,,2.603,0.0,1.0,0.0
27,2009,,,2.603,0.0,1.0,0.0
27,2010,,,2.603,0.0,1.0,0.0
27,2011,,,2.603,0.0,1.0,0.0
27,2012,,,2.603,0.0,1.0,0.0
27,2013,,,2.603,0.0,1.0,0.0
27,2014,,,2.603,0.0,1.0,0.0
27,2015,,,2.603,0.0,1.0,0.0
27,2016,,,2.603,0.0,1.0,0.0
27,2017,,,2.603,0.0,1.0,0.0
27,2018,,,2.603,0.0,1.0,0.0
27,2019,,,2.603,0.0,1.0,0.0
27,2020,,,2.603,0.0,1.0,0.0
27,2021,,,2.603,0.0,1.0,0.0
27,2022,,,2.603,0.0,1.0,0.0
27,2023,,,2.603,0.0,1.0,0.0
30,2000,,,0.0,0.0,0.0,0.0
30,2001,,,0.0,0.0,0.0,0.0
30,2002,,,0.0,0.0,0.0,0.0
30,2003,,,0.0,0.0,0.0,0.0
30,2004,,,0.0,0.0,0.0,0.0
30,2005,,,0.0,0.0,0.0,0.0
30,2006,,,0.0,0.0,0.0,0.0
30,2007,,,0.0,0.0,0.0,0.0
30,2008,,,0.0,0.0,0.0,0.0
30,2009,,,0.0,0.0,0.0,0.0
30,2010,,,0.0,0.0,0.0,0.0
30,2011,,,0.0,0.0,0.0,0.0
30,2012,,,0.0,0.0,0.0,0.0
30,2013,,,0.0,0.0,0.0,0.0
30,2014,,,0.0,0.0,0.0,0.0
30,2015,,,0.0,0.0,0.0,0.0
30,2016,,,0.0,0.0,0.0,0.0
30,2017,,,0.0,0.0,0.0,0.0
30,2018,,,0.0,0.0,0.0,0.0
30,2019,,,0.0,0.0,0.0,0.0
30,2020,,,0.0,0.0,0.0,0.0
30,2021,,,0.0,0.0,0.0,0.0
30,2022,,,0.0,0.0,0.0,0.0
30,2023,,,0.0,0.0,0.0,0.0
32,2000,,,0.0,0.0,0.0,0.0
32,2001,,,0.0,0.0,0.0,0.0
32,2005,,,123.94,0.0,1.0,0.0
32,2006,,,123.94,0.0,1.0,0.0
32,2007,,,123.94,0.0,1.0,0.0
32,2008,,,123.94,0.0,1.0,0.0
32,2009,,,123.94,0.0,1.0,0.0
32,2010,,,123.94,0.0,1.0,0.0
32,2011,,,123.94,0.0,1.0,0.0
32,2012,,,123.94,0.0,1.0,0.0
32,2013,,,123.94,0.0,1.0,0.0
32,2014,,,123.94,0.0,1.0,0.0
32,2015,,,123.94,0.0,1.0,0.0
32,2016,,,123.94,0.0,1.0,0.0
32,2017,,,123.94,0.0,1.0,0.0
32,2018,,,123.94,0.0,1.0,0.0
32,2019,,,123.94,0.0,1.0,0.0
32,2020,,,123.94,0.0,1.0,0.0
32,2021,,,123.94,0.0,1.0,0.0
32,2022,,,123.94,0.0,1.0,0.0
32,2023,,,123.94,0.0,1.0,0.0
34,2000,,,0.0,0.0,0.0,0.0
34,2001,,,0.0,0.0,0.0,0.0
34,2002,,,0.0,0.0,0.0,0.0
34,2003,,,0.0,0.0,0.0,0.0
35,2000,,,0.0,0.0,0.0,0.0
35,2001,,,0.0,0.0,0.0,0.0
35,2002,,,0.0,0.0,0.0,0.0
35,2003,,,0.0,0.0,0.0,0.0
35,2004,,,0.0,0.0,0.0,0.0
35,2005,,,0.0,0.0,0.0,0.0
35,2006,,,0.0,0.0,0.0,0.0
35,2007,,,0.0,0.0,0.0,0.0
35,2008,,,0.0,0.0,0.0,0.0
35,2009,,,0.0,0.0,0.0,0.0
35,2010,,,0.0,0.0,0.0,0.0
35,2011,,,0.0,0.0,0.0,0.0
35,2012,,,0.0,0.0,0.0,0.0
35,2013,,,0.0,0.0,0.0,0.0
35,2014,,,0.0,0.0,0.0,0.0
35,2015,,,0.0,0.0,0.0,0.0
35,2016,,,0.0,0.0,0.0,0.0
35,2017,,,0.0,0.0,0.0,0.0
35,2018,,,0.0,0.0,0.0,0.0
35,2019,,,0.0,0.0,0.0,0.0
35,2020,,,0.0,0.0,0.0,0.0
35,2021,,,0.0,0.0,0.0,0.0
35,2022,,,0.0,0.0,0.0,0.0
35,2023,,,0.0,0.0,0.0,0.0
38,2000,,,0.0,0.0,0.0,0.0
38,2001,,,0.0,0.0,0.0,0.0
38,2002,,,0.0,0.0,0.0,0.0
38,2003,,,0.0,0.0,0.0,0.0
38,2004,,,0.0,0.0,0.0,0.0
38,2005,,,0.0,0.0,0.0,0.0
38,2006,,,0.0,0.0,0.0,0.0
38,2007,,,0.0,0.0,0.0,0.0
38,2008,,,0.0,0.0,0.0,0.0
38,2009,,,0.0,0.0,0.0,0.0
38,2010,,,0.0,0.0,0.0,0.0
38,2011,,,0.0,0.0,0.0,0.0
38,2012,,,0.0,0.0,0.0,0.0
38,2017,,,1.1099999999999999,2.0,0.0,0.0
38,2018,,,1.1099999999999999,2.0,0.0,0.0
38,2019,,,1.1099999999999999,2.0,0.0,0.0
38,2020,,,1.1099999999999999,2.0,0.0,0.0
38,2021,,,1.1099999999999999,2.0,0.0,0.0
38,2022,,,1.1099999999999999,2.0,0.0,0.0
38,2023,,,1.1099999999999999,2.0,0.0,0.0
39,2005,,,4.289,0.0,1.0,0.0
39,2006,,,4.289,0.0,1.0,0.0
39,2007,,,4.289,0.0,1.0,0.0
39,2008,,,4.289,0.0,1.0,0.0
39,2009,,,4.289,0.0,1.0,0.0
39,2010,,,4.289,0.0,1.0,0.0
39,2011,,,4.289,0.0,1.0,0.0
39,2012,,,4.289,0.0,1.0,0.0
39,2013,,,4.289,0.0,1.0,0.0
40,2000,,,0.0,0.0,0.0,0.0
40,2001,,,0.0,0.0,0.0,0.0
40,2002,,,0.0,0.0,0.0,0.0
40,2003,,,0.0,0.0,0.0,0.0
40,2004,,,0.0,0.0,0.0,0.0
40,2005,,,0.0,0.0,0.0,0.0
40,2006,,,0.0,0.0,0.0,0.0
40,2007,,,0.0,0.0,0.0,0.0
40,2008,,,0.0,0.0,0.0,0.0
40,2009,,,0.0,0.0,0.0,0.0
40,2010,,,0.0,0.0,0.0,0.0
40,2011,,,0.0,0.0,0.0,0.0
40,2012,,,0.0,0.0,0.0,0.0
40,2013,,,0.0,0.0,0.0,0.0
40,2014,,,0.0,0.0,0.0,0.0
40,2015,,,0.0,0.0,0.0,0.0
40,2016,,,0.0,0.0,0.0,0.0
40,2017,,,0.0,0.0,0.0,0.0
40,2018,,,0.0,0.0,0.0,0.0
40,2019,,,0.0,0.0,0.0,0.0
40,2020,,,0.0,0.0,0.0,0.0
40,2021,,,0.0,0.0,0.0,0.0
40,2022,,,0.0,0.0,0.0,0.0
40,2023,,,0.0,0.0,0.0,0.0
41,2000,,,0.0,0.0,0.0,0.0
41,2001,,,0.0,0.0,0.0,0.0
41,2002,,,0.0,0.0,0.0,0.0
41,2003,,,0.0,0.0,0.0,0.0
42,2000,,,0.0,0.0,0.0,0.0
45,2013,,,9.857,1.0,0.0,0.0
45,2014,,,9.857,1.0,0.0,0.0
45,2021,,,32.285,0.0,2.0,0.0
45,2022,,,32.285,0.0,2.0,0.0
45,2023,,,32.285,0.0,2.0,0.0
46,2000,,,0.0,0.0,0.0,0.0
46,2001,,,0.0,0.0,0.0,0.0
46,2002,,,0.0,0.0,0.0,0.0
46,2003,,,0.0,0.0,0.0,0.0
46,2004,,,0.0,0.0,0.0,0.0
46,2005,,,0.0,0.0,0.0,0.0
46,2006,,,0.0,0.0,0.0,0.0
46,2007,,,0.0,0.0,0.0,0.0
46,2008,,,0.0,0.0,0.0,0.0
46,2009,,,0.0,0.0,0.0,0.0
46,2010,,,0.0,0.0,0.0,0.0
46,2011,,,0.0,0.0,0.0,0.0
46,2012,,,0.0,0.0,0.0,0.0
46,2017,,,1.617,0.0,0.0,1.0
46,2018,,,1.617,0.0,0.0,1.0
46,2019,,,1.617,0.0,0.0,1.0
46,2020,,,1.617,0.0,0.0,1.0
46,2021,,,1.617,0.0,0.0,1.0
46,2022,,,1.617,0.0,0.0,1.0
46,2023,,,1.617,0.0,0.0,1.0
47,2000,,,0.0,0.0,0.0,0.0
47,2001,,,0.0,0.0,0.0,0.0
47,2002,,,0.0,0.0,0.0,0.0
47,2003,,,0.0,0.0,0.0,0.0
47,2004,,,0.0,0.0,0.0,0.0
47,2005,,,0.0,0.0,0.0,0.0
47,2006,,,0.0,0.0,0.0,0.0
47,2007,,,0.0,0.0,0.0,0.0
47,2009,,,66.74,0.0,1.0,0.0
47,2010,,,66.74,0.0,1.0,0.0
47,2015,,,1.776,0.0,1.0,0.0
47,2016,,,1.776,0.0,1.0,0.0
47,2017,,,1.776,0.0,1.0,0.0
49,2000,,,0.0,0.0,0.0,0.0
49,2001,,,0.0,0.0,0.0,0.0
49,2002,,,0.0,0.0,0.0,0.0
49,2003,,,0.0,0.0,0.0,0.0
49,2004,,,0.0,0.0,0.0,0.0
49,2005,,,0.0,0.0,0.0,0.0
49,2006,,,0.0,0.0,0.0,0.0
49,2007,,,0.0,0.0,0.0,0.0
49,2008,,,0.0,0.0,0.0,0.0
49,2009,,,0.0,0.0,0.0,0.0
49,2010,,,0.0,0.0,0.0,0.0
49,2011,,,0.0,0.0,0.0,0.0
49,2012,,,0.0,0.0,0.0,0.0
49,2013,,,0.0,0.0,0.0,0.0
49,2014,,,0.0,0.0,0.0,0.0
49,2015,,,0.0,0.0,0.0,0.0
49,2016,,,0.0,0.0,0.0,0.0
49,2017,,,0.0,0.0,0.0,0.0
49,2018,,,0.0,0.0,0.0,0.0
49,2019,,,0.0,0.0,0.0,0.0
49,2020,,,0.0,0.0,0.0,0.0
49,2021,,,0.0,0.0,0.0,0.0
49,2022,,,0.0,0.0,0.0,0.0
49,2023,,,0.0,0.0,0.0,0.0
50,2000,,,0.0,0.0,0.0,0.0
50,2001,,,0.0,0.0,0.0,0.0
50,2003,,,1.512,0.0,1.0,0.0
50,2023,,,3.989,2.0,0.0,0.0
53,2000,,,0.0,0.0,0.0,0.0
53,2001,,,0.0,0.0,0.0,0.0
53,2002,,,0.0,0.0,0.0,0.0
53,2003,,,0.0,0.0,0.0,0.0
53,2005,,,6.39,0.0,1.0,0.0
53,2006,,,6.39,0.0,1.0,0.0
53,2007,,,6.39,0.0,1.0,0.0
53,2008,,,6.39,0.0,1.0,0.0
53,2009,,,6.39,0.0,1.0,0.0
53,2010,,,6.39,0.0,1.0,0.0
53,2011,,,6.39,0.0,1.0,0.0
53,2012,,,6.39,0.0,1.0,0.0
53,2013,,,6.39,0.0,1.0,0.0
53,2014,,,6.39,0.0,1.0,0.0
53,2015,,,6.39,0.0,1.0,0.0
53,2019,,,49.928,0.0,1.0,0.0
53,2020,,,49.928,0.0,1.0,0.0
53,2021,,,49.928,0.0,1.0,0.0
53,2022,,,49.928,0.0,1.0,0.0
53,2023,,,49.928,0.0,1.0,0.0
54,2000,,,0.0,0.0,0.0,0.0
54,2001,,,0.0,0.0,0.0,0.0
54,2002,,,0.0,0.0,0.0,0.0
54,2003,,,0.0,0.0,0.0,0.0
54,2004,,,0.0,0.0,0.0,0.0
54,2005,,,0.0,0.0,0.0,0.0
54,2006,,,0.0,0.0,0.0,0.0
54,2007,,,0.0,0.0,0.0,0.0
54,2008,,,0.0,0.0,0.0,0.0
54,2009,,,0.0,0.0,0.0,0.0
54,2010,,,0.0,0.0,0.0,0.0
54,2011,,,0.0,0.0,0.0,0.0
54,2012,,,0.0,0.0,0.0,0.0
54,2013,,,0.0,0.0,0.0,0.0
54,2014,,,0.0,0.0,0.0,0.0
54,2015,,,0.0,0.0,0.0,0.0
54,2016,,,0.0,0.0,0.0,0.0
54,2017,,,0.0,0.0,0.0,0.0
54,2018,,,0.0,0.0,0.0,0.0
54,2019,,,0.0,0.0,0.0,0.0
54,2020,,,0.0,0.0,0.0,0.0
54,2021,,,0.0,0.0,0.0,0.0
54,2022,,,0.0,0.0,0.0,0.0
54,2023,,,0.0,0.0,0.0,0.0
56,2000,,,0.0,0.0,0.0,0.0
56,2001,,,0.0,0.0,0.0,0.0
56,2002,,,0.0,0.0,0.0,0.0
56,2003,,,0.0,0.0,0.0,0.0
56,2004,,,0.0,0.0,0.0,0.0
56,2005,,,0.0,0.0,0.0,0.0
56,2006,,,0.0,0.0,0.0,0.0
56,2007,,,0.0,0.0,0.0,0.0
56,2008,,,0.0,0.0,0.0,0.0
56,2009,,,0.0,0.0,0.0,0.0
56,2010,,,0.0,0.0,0.0,0.0
56,2011,,,0.0,0.0,0.0,0.0
56,2012,,,0.0,0.0,0.0,0.0
56,2013,,,0.0,0.0,0.0,0.0
56,2014,,,0.0,0.0,0.0,0.0
56,2015,,,0.0,0.0,0.0,0.0
56,2016,,,0.0,0.0,0.0,0.0
56,2017,,,0.0,0.0,0.0,0.0
56,2018,,,0.0,0.0,0.0,0.0
56,2019,,,0.0,0.0,0.0,0.0
56,2020,,,0.0,0.0,0.0,0.0
56,2021,,,0.0,0.0,0.0,0.0
56,2022,,,0.0,0.0,0.0,0.0
56,2023,,,0.0,0.0,0.0,0.0
